k,current,time_taken_to_blow
141.82686637502786,49.71938318862136,0.0573729317660308
162.2113847083641,3.8158629975861302,11.140271734206086
231.8873023671092,47.75218715706002,0.1016928531294933
391.40691491424894,45.71962775346351,0.187250558845311
147.8763090459994,39.18614361420031,0.096301610598501
291.19414237273037,49.36983146706916,0.1194701324453284
402.3557408319747,49.38865926006777,0.1649512948036757
240.64806583228764,34.18678731748161,0.205904479619345
387.3186423169895,30.77565536853935,0.4089345274875451
152.07887496139026,6.439684648135566,3.667243016161033
277.48907728114335,27.902723404475893,0.3564123175372751
435.0182641280472,34.42432106658201,0.3670935246167424
474.1778580917795,20.633753331436623,1.1137425237363991
76.00274337982057,31.598917476051508,0.0761175601992793
367.04269176869377,1.5987312541699974,143.6037069302351
315.94023054897406,46.00864296390181,0.1492540357529295
422.2783234063429,45.98953973400238,0.1996552167555492
264.4772807597933,11.637548871937144,1.95283403414763
158.73563561898857,24.763604972291283,0.2588491244021085
287.00236210399976,27.08856767018518,0.3911230286043672
383.4264638740921,26.609537860915395,0.5415111710023022
364.5655441200023,43.07949251519632,0.1964420524212465
224.41997924684944,36.01293772333523,0.1730391678359646
385.42823849198,29.589880491994897,0.440207165888886
289.9042407338395,7.197739269752542,5.595802098008041
100.01079719398317,22.03215553338139,0.2060311618152221
254.62735748056016,2.2835323090172626,48.83045168831708
71.41376955136792,18.79123168621542,0.2022420521191905
227.7977088773962,20.88532767654952,0.5222359501607061
64.99620611664872,27.9827176727519,0.0830057591267561
438.1529879756635,24.8133853796873,0.7116291612234069
320.11262272101635,20.48819342174678,0.7625976605488376
403.0124713452679,23.002805604802727,0.7616524917563214
342.2634747517407,38.77570998095654,0.2276360485174548
131.50619007725624,25.14395271380747,0.2080075473889117
194.3942567837613,39.70880418609116,0.1232848788077358
150.86448493404598,34.21636668235467,0.1288603277234837
145.82831701348715,28.87654451556865,0.1748845398062444
402.8940177446506,34.6998527378598,0.3346074109266204
125.67535218774624,6.568938050403958,2.9124587200193974
81.52047927435302,36.05994791213059,0.0626926364974904
129.91998044610932,22.578550252621632,0.2548495322606968
494.9746079645764,42.414678390993814,0.2751379921925148
480.0121799598368,14.552351757677796,2.26665743729377
475.1353228251681,28.486678155693728,0.5855091689101624
150.71473177232957,28.02520146800724,0.1918925960356473
169.31455089769105,42.22447185729998,0.0949654937802969
64.34613262717136,25.51562045364475,0.0988348671942617
136.01032119400617,5.888352004957267,3.9226931572198382
408.9174832203926,44.5542635389911,0.2059952187994839
298.16201116732884,1.2707685270525726,184.6372864346661
66.2395951844506,1.8198012805995885,20.001830241161812
288.7901866775487,13.63192755866415,1.5540603940146114
188.19476336710952,35.72241152985441,0.1474775778119172
160.16506716705777,40.397127974818765,0.0981446927868951
332.27226989363146,27.02576883614994,0.4549230926247616
228.07651934334973,17.802497269092157,0.7196456771692327
390.34032323206696,25.340277130608253,0.6078839783171958
323.6739871293257,31.353895450622137,0.3292492436148005
322.64796678731454,19.142278577478784,0.8805249537718086
178.500171686771,49.10070565635917,0.0740394477593513
280.9687117665322,16.374994401647932,1.0478416087979905
303.4736559995458,22.573561887710596,0.5955535433489855
208.0731093646633,36.950372400020335,0.1523976666743446
367.61141760878667,32.82427473432205,0.3411919010936507
478.1319619769339,49.50327331999837,0.1951101857921317
230.5257725489361,41.70129974237452,0.1325623833362799
58.293832876242945,14.322629525003324,0.2841692589147058
463.55819802181406,31.170840084707628,0.4770976218593268
463.90618618519954,20.011884243393354,1.1583883994814894
105.81006285204388,40.46648804254843,0.0646153858977277
142.123567284435,40.96361014839777,0.0846973165940305
388.68683768203414,17.207274020103505,1.3127308290173314
491.4244386801571,7.8049281377187905,8.06712771962076
467.13909877317013,14.1307409209841,2.339463914317386
288.3388686670669,12.156341712828027,1.951180248626594
294.298166334633,10.517723265860726,2.660382464317611
468.8196854253566,1.552946859256079,194.39838367419853
475.6908391260538,14.57169371092154,2.2402924732530445
119.40599636074042,37.839311139327314,0.0833949387061752
97.55926920447811,15.345624251495568,0.41428519972783
127.56232949001736,22.887178614949978,0.2435218440107746
251.0264985164608,49.42456595212747,0.1027623057488052
361.6558677594083,24.18071017390738,0.6185252199539746
178.57028947853317,10.965775139980623,1.4850139396147004
204.0013871351888,46.41211916859053,0.0947044362383187
333.2416843276192,49.74542381689749,0.1346644774883605
118.75824861616096,47.307083587953905,0.0530653989585061
463.9918185878555,14.419454954742784,2.231580889058905
393.4736878431751,29.81855135085829,0.4425298947296803
51.67561620514974,34.216880782841514,0.0441372052941533
66.37497361965976,24.992541390537692,0.1062633544819204
144.6288334910095,48.27381856239163,0.0620628301035938
165.2166739431489,38.57017479472971,0.11105820782099
432.5809282765995,34.306456126019576,0.3675493450323575
322.3339403102143,6.36941123617571,7.945248002642929
398.1471674815572,34.17415656453866,0.340916499788544
141.9919179248622,31.714388507241164,0.1411727716154677
477.0807662672001,14.381796730709096,2.3065645641594936
87.7110152731351,6.712997152048972,1.9463512225136
355.1586626547442,32.494252731102115,0.3363638417214296
481.60552787390225,7.508562282009891,8.542360357944998
463.7057381549949,47.409705402642,0.206304146423487
436.0139850218625,45.09081183834259,0.2144491405645084
276.44607387299294,11.662812791747074,2.0323748751708797
489.1639939802631,18.21939855198392,1.4736230632150844
322.3799886858262,7.442738910845841,5.819725585158884
94.56594577072327,4.178700583634304,5.415670870253974
107.64666133899044,38.35233203045189,0.0731841463849382
476.2190624109898,42.48743176852416,0.26380669638649
338.0634117215113,40.86929484053144,0.2023969115374129
182.07089742941935,26.60571583244698,0.2572116506294433
73.81606272682798,1.8742158267053608,21.014142589156705
492.04285026322447,28.926214439905163,0.5880574044046224
350.2544360014627,6.035012780410154,9.616726305279796
295.52527260784956,48.80509555494938,0.124069288532657
233.4482021589176,6.28455603542653,5.9107328097910425
331.59464398904896,40.90573187612921,0.1981705763009878
322.20367130888843,29.115009178058436,0.3800989080200637
342.86387024485225,35.62059569574678,0.2702211681311817
384.70470813882946,42.92891782908157,0.208750545917145
135.6958543031107,36.81097347192396,0.1001410116400034
236.6708257554724,40.91318881512182,0.1413897953006338
244.4054182474155,15.663950764214706,0.9961120891355916
58.28425969032136,7.555029064836094,1.0211252271294649
371.137652188752,19.63449509437844,0.962710127555882
346.57958305767266,30.27370771965101,0.3781566548504027
458.2419041927362,49.48504316323224,0.1871314979948202
438.20264932466773,38.57499596228806,0.2944850285319497
282.1385084604933,20.387451604888824,0.6787916320569547
298.0530820601663,33.002634576892284,0.2736505943320672
328.6155547508023,11.074826788504128,2.6792561205182626
497.2022738193214,22.690317988749335,0.9657215918637954
366.8297022180056,22.595844892226996,0.7184678241871052
490.76679816733906,24.413125392169768,0.823433269856056
177.74606339369456,31.832830933416155,0.1754080278235303
398.52018941326185,10.87426839922825,3.370157766700347
311.9280193342333,22.739032509472366,0.6032681852984256
340.75114811813415,39.079139499554046,0.2231245426911232
96.85856681733014,43.912077158470765,0.0502307979062346
175.7099569626943,17.99188515788515,0.5428039904050123
204.11131629632823,49.43410658238759,0.0835244653292145
406.25433648652904,10.999843076813333,3.3575696510371036
352.20141982594345,6.92431445742193,7.345773572241301
242.39104547004013,5.809783680850647,7.181193798676715
216.80237065749105,37.84776100932637,0.1513504238020422
417.29207965146327,16.999758152064402,1.4439583148459576
323.8688667030277,48.76583214304472,0.136187711701977
394.6456451350511,42.199225125421435,0.2216145967447066
70.1836001053988,20.207398994251335,0.171875830020573
217.32991632212372,33.22140255313974,0.1969171698683163
57.463830665996966,32.961272206786035,0.0528915923452156
102.70424812100867,30.11915012271076,0.1132147420168712
423.7813707451582,24.076892322483843,0.7310397638046108
195.01133662783067,37.747105011206486,0.1368650499898137
233.40059685731052,33.67008944780957,0.2058796503608654
466.9915832443141,43.605190031391146,0.2456024451587471
268.3638258516905,18.10720093172067,0.8185049927088224
498.67958264644005,1.632676930329334,187.07729206203248
135.6428749722137,6.180812024651225,3.5506340593814425
129.49243218701247,41.79586729643635,0.0741272186028069
335.297190033489,7.679228878903524,5.685840727715396
211.3766896486399,34.9277082778514,0.1732674205326933
209.9839360467953,3.652640820892329,15.738818799347207
250.73687412441896,9.312743754355992,2.891098582814145
420.0472545196808,11.24719606804198,3.3205468968578877
128.5719300540705,42.516584940681035,0.0711261688638409
493.485704582163,46.47904156716448,0.2284337390527381
405.3036730664598,46.34484319692939,0.1887025223542021
440.0779440256567,36.57236932975477,0.3290208418381818
243.31987865172357,39.71453766184236,0.1542689661561084
264.9146456031755,43.57271660436771,0.139532923472143
351.5644800006944,29.221393648140168,0.4117211152505018
365.0551079962429,23.464126099745243,0.6630551639701976
237.4943836511121,4.698125812063234,10.75979652043294
454.3113468358927,3.8392554934401377,30.82191050831729
401.4931992433368,45.16429069182072,0.1968284195618603
441.0243768587724,27.373838450406865,0.5885606128083357
373.9918701696677,9.866590870918284,3.8417395752294374
111.97453828451232,4.479581314963685,5.5801314727939735
389.56333891021706,48.252203308151046,0.1673184302316014
176.30528920171204,16.82515159684198,0.6227982298260806
282.45356316564335,48.186513087274136,0.1216455024130005
52.78571386704364,7.090783612456778,1.0498516487581224
251.5218539543859,36.289830827467426,0.1909878932932707
450.29412686161487,7.291897080895455,8.468670232669508
322.1119300238781,19.14947736467219,0.8784012780331792
393.8456508428674,11.69450515699249,2.879800180140674
461.6837022103157,32.89587500764722,0.4266400860316019
104.86691246482955,34.714862014010414,0.0870176989436867
95.70505145692708,32.895215393458585,0.0884442069699428
63.513700119733635,20.398683989222928,0.152638157181237
399.6164200151603,14.32709094612704,1.946826680167381
493.1817121739014,34.68145079055349,0.4100269955335255
301.8935893469934,2.0755309225893255,70.08022292308155
132.0690926626773,33.41082389242902,0.1183114627211946
367.7208111338138,36.68446716690115,0.273245978265876
303.23800145942766,34.96493809408357,0.2480379300545888
248.80539350703927,15.54423689270404,1.029724339140314
189.329537535764,17.692978857917083,0.6048065097170108
341.1094271799363,27.55353836455442,0.4493026357177755
286.6303650456972,1.483291012427238,130.27751509958614
62.35967057194875,13.599900742389226,0.3371571195273727
216.42563184209516,1.8742655888644932,61.60932217129521
98.30004339008516,31.3022441664879,0.1003235196368387
283.47280910435455,9.009613779022144,3.4921996062100416
262.22505360840967,8.311067565539169,3.7963002798666383
491.0900602159679,48.447200284747886,0.2092299130902656
296.44361841020657,34.893365444132044,0.2434761287184309
379.4661502025706,28.781428622209823,0.4580874005432414
368.6215485707651,46.197781129290384,0.1727183519180461
475.1257971263068,9.803582113127288,4.943551122961785
194.96925096371075,13.07261736122247,1.1408827778197506
127.47634333800974,26.08681572140816,0.1873214265877867
432.8937164380436,31.66016446557137,0.431871901478541
267.80989024726995,14.596507932110656,1.2569808933539706
460.1892968413103,32.270965497472176,0.4418883943632019
340.8710858851754,35.35219324858364,0.2727454026647916
182.39229103974873,40.96065805051576,0.1087107841171437
117.80309039540133,38.33752223406307,0.0801509366595268
148.67843899829057,38.12024480753384,0.1023143691208762
232.45282499883615,48.05006904667771,0.1006808321379587
451.8082586399253,5.469718440871867,15.101643813679248
95.73623409360202,15.531239143082075,0.3968844891102672
495.4642199455325,36.967721315031525,0.3625491858373458
211.12922140179603,19.643767905120907,0.5471403673631922
386.7050673159324,3.5005008577344983,31.558727703602393
418.20503817367506,38.747928640005085,0.2785430187559196
213.14579276775768,40.04318350439337,0.1329289486579895
200.81218158487533,35.97009480117404,0.1552054221527938
228.91094883667057,20.699624440814844,0.5342464358682386
312.736942932847,36.336267580059,0.2368637258797376
486.4187844410296,40.204359376299585,0.3009290023490544
340.4749347209859,40.87965009134515,0.2037374216147098
178.37699995758902,10.986114955598577,1.4779188126148708
342.6833320993442,17.534016756246157,1.1146285084042484
309.44775475131894,6.136808384610135,8.216790417470836
447.3973890069449,16.177702131814186,1.7094632769523714
287.1227666963448,49.46509970436187,0.1173464221293428
74.41452486192574,36.87168321027741,0.054735839767234
481.00667475518,31.916744447193583,0.472186895883474
454.6394119512661,2.977921237483855,51.267326143377765
150.03465230379985,29.483099859876177,0.1726017876191584
388.9870880455194,11.105223050058529,3.1541374431105713
402.124177652679,40.35303765433379,0.2469492550796806
114.1451402071393,8.045665046225718,1.7633297282051226
58.489389206398315,49.13847975432962,0.0242233192971869
470.0309319771738,26.425974704996133,0.6730764712860283
128.74065197305515,25.15672394934877,0.203426504118812
377.6730904643299,49.50738738868319,0.1540905571668545
426.1347361018232,42.408518229240514,0.2369412854649815
448.4744396500828,6.529385215920167,10.519451915790087
213.9839066897852,10.962467404007583,1.780592263455728
134.3642126681031,43.10358484336045,0.0723197355549767
482.7852919968874,46.8052354239553,0.2203764398592813
109.88195008993269,27.03222080959439,0.1503705907007441
349.3036437563652,7.197949896725029,6.741949224304102
137.35558507252625,46.73847332903505,0.0628777913530442
212.5307070213688,11.758394361012838,1.5371832498430509
135.52198686928395,13.19518695157242,0.7783566937883747
145.81623614726095,35.632782421021496,0.1148434979452286
316.9737545147583,13.59738362318039,1.7144017568695122
424.4760173427516,2.026131407108753,103.39938142662488
212.62105081914345,3.159625599625328,21.297813144927343
486.7760842770621,35.107585922334785,0.394936522685062
429.4290113505831,8.511069356344748,5.928203753174337
355.13295744200843,3.5497651071529575,28.18329365372038
356.82980493297526,20.503579383270228,0.8487929320504406
378.7214746067911,1.235989494814439,247.9079034407583
87.04334126824727,11.868246581370691,0.6179629416370532
221.56665100220116,30.51589777058113,0.2379315811710894
58.3024866644752,48.81355310564908,0.0244684374723275
429.8195329886326,37.7346795432832,0.3018594772713474
424.33798035383467,33.29242209724076,0.3828433613284432
176.19685019873725,13.450101669959473,0.9739731979825088
397.3507001182546,35.56333203662366,0.314173169523663
137.3559079503856,44.93670134954968,0.0680213059388733
421.35415788210486,7.845689034394565,6.845183617691355
182.65386614281616,27.09396049381648,0.2488191961574276
278.89036669706366,5.003054678043331,11.141996424483276
418.1305019605896,6.353550003080825,10.358072473681046
104.80092251717494,12.557720094149651,0.6645742477549132
120.05183121812276,30.426459838748244,0.129677891336053
265.0247902351424,46.217494745916234,0.124071975839149
338.032411470923,7.408010754543357,6.1596372303320575
75.52644855063045,6.774942520303417,1.645461910660693
344.29547934825894,32.93762070973997,0.3173561158045913
258.0751765630803,6.463884127505157,6.176736972347633
197.26084193080032,33.68773433772215,0.1738190112943584
384.617376456059,17.924208915336408,1.197150928709488
382.5690383923192,7.14501066334012,7.493833796433871
57.27788990261271,11.273114977221836,0.4507120168386325
178.1714579754969,29.358363280348993,0.2067161717646153
472.8578970198861,19.924097062381776,1.1911689079083256
237.54179661235668,19.99569039284724,0.5941105022322758
200.7677704819716,39.94272855862841,0.1258399503448375
266.9792788781094,7.781898497879925,4.408658224234975
154.6382957111647,14.37187047279984,0.7486700601544547
349.03624911238296,47.29460387030578,0.1560440984420146
185.0236201495939,48.5068067473701,0.0786360704377828
146.4331058721565,38.68368693048178,0.0978551200824406
339.1283120843873,8.206235720775574,5.035888117733893
53.92189705634392,34.94591041346444,0.0441542431083719
263.06904149588763,23.33735931116713,0.4830213381749439
457.8514132789203,40.80717839880205,0.2749485450199433
106.20476685305766,18.33556572598637,0.315904186508253
307.2229436422663,24.059947809370627,0.530718570182991
328.46634048075305,39.879896164100685,0.2065298521873985
400.0574794587713,36.81112703093805,0.2952325011839437
131.33491508273684,39.10729801285282,0.0858745700880833
350.86021870753495,28.769969114732874,0.4238921152757571
393.85192350238447,17.681862264951935,1.259728527269096
383.1716155102904,41.87559461931464,0.2185100197052624
479.54086723933943,28.45681339621563,0.5921791227694758
273.4730691360518,28.112116753363058,0.3460409287729271
73.99131928693039,48.34553776489379,0.0316568705383907
195.58144508972333,16.350744875067427,0.7315644050397033
373.30301157211,29.07513344026285,0.4415888106655987
367.8352025685521,16.439068829201034,1.361127668009099
262.06606789678824,18.705789194660948,0.7489601676500155
300.92900957717,19.57620651236176,0.7852482553495206
223.2288342843719,12.837878252806794,1.3544525208455298
435.26465588317177,22.15806783117261,0.8865222258935659
350.4147827791453,41.57343936587917,0.2027451663578969
226.7592702267353,28.475423981873114,0.2796563288928099
415.6588397719604,15.399400474733328,1.7527880124621902
78.21381170241851,1.6714838734428334,27.994909622149816
251.5001510214516,40.54413687928955,0.1529967238783171
301.3707870536422,28.218406580972424,0.378474112285554
310.5845432126545,39.22651681386361,0.2018460926237494
372.4092149377799,3.3699508401145293,32.79240639758079
326.0016843241292,29.180464214211725,0.3828559940200233
455.6222608475153,46.76406112925114,0.2083437590403893
213.72177855546437,7.178609972126746,4.147324944462836
421.242576201703,20.29710084466799,1.0225021765840958
390.6933586818514,18.043243141658596,1.2000706815836193
111.845094340317,1.8733284622143875,31.870514681923225
448.2097645450472,9.057251465173785,5.463720346067806
292.8498770008053,33.49636793309584,0.2610054701205107
376.2906834832374,10.743181721742571,3.260300435523627
424.6039013597293,18.036438160240287,1.305216111466888
309.87201754540547,22.50678257022299,0.6117240131470139
300.3026945925634,17.927864433733713,0.93433390786325
262.4290053520981,44.101886793731374,0.1349265743378263
184.5442320483708,36.52562772981948,0.1383264078036658
354.00899337449727,47.87060968427239,0.1544814644062278
285.50083455525703,35.346451234159105,0.228515544264075
484.14843325556495,24.159048626438945,0.8295047454491198
258.8717961688571,23.4107781887619,0.4723381635673821
375.3607732980386,12.924464812317696,2.247106976997395
424.17424209683026,12.553179127222531,2.691763132074695
177.4785498201629,1.394590131624006,91.25416508949016
88.82176522133074,22.26723791130894,0.1791375793430637
315.43802504389646,49.29896283191987,0.1297891773942724
224.569049556542,6.904682376465357,4.71045099840346
387.5583646510164,33.48453872204591,0.3456594810610647
325.65179824851094,38.95094123944675,0.2146434139125602
299.8075799044806,19.54490701076171,0.7848296316373597
201.40775745481704,35.738858238577436,0.1576866207320723
485.3659331340169,13.024039736397263,2.8613953406830213
61.21699591147912,47.9522497246635,0.026622818973509
234.7713519401056,18.52425852695469,0.6841690658148429
156.9616806492818,45.16516692019552,0.0769460625072692
268.2011411344451,38.24930535032669,0.1833215483831983
186.2286048414262,31.346904890510515,0.1895208769487768
416.1385607682641,43.64844389675467,0.2184240372258201
190.0783999223763,16.787878974546764,0.6744365654192582
393.9316009187542,11.059120430384883,3.2209178348382212
215.9245956128335,19.876553883516177,0.5465374600943148
350.5608637215791,49.866881222374424,0.1409739976805261
468.7569233783957,4.046664153035147,28.625519078175028
402.6300142967128,21.334458472919604,0.8845917791816743
313.64872018932397,40.35489369048355,0.1925977036331823
123.1057606471146,2.7158773507007883,16.6900665878536
99.77381834069834,35.62141616979455,0.0786310781057935
473.9058155055588,34.64742788606279,0.3947753607926719
260.2941345184578,7.515580963290437,4.608284322646015
470.1136948692898,46.322025358865965,0.2190926573068907
402.538634804231,48.31659091677977,0.1724308627515526
269.7824984827246,23.052834801569965,0.5076508248764311
425.98797947180935,49.54243138436871,0.1735572304513897
81.1038387856635,30.749187722337147,0.0857776442676492
203.94743094987552,19.85970142829955,0.517097941651026
494.34593497418626,12.560527450871128,3.1333954849369365
271.0123810883413,39.55871001452562,0.1731828529358644
122.18724005056882,34.1226000558437,0.1049401361535891
133.82440034441777,32.595712746654904,0.1259546896829379
451.61521434352943,28.804027584077915,0.5443298214075782
128.0511404940733,34.131429015921576,0.1099194400778731
431.44779269709784,49.32608838793401,0.1773270126863594
173.5131658682201,48.29502320862274,0.0743922468255847
467.16128885066314,7.131762932186386,9.18487079355156
67.357004944501,7.158096035608665,1.3145821361445778
472.7083767070443,3.179431716540708,46.76213096506136
468.1937134607418,4.786762032036773,20.4334595686608
119.71902689339028,46.36963268738363,0.0556795692422217
167.74904018299816,49.46699857828077,0.0685533880582043
130.7333562119918,7.199011129525249,2.52255544494444
123.56135637090568,6.666279708753462,2.7804532844980567
128.18367468476376,15.912642884771778,0.5062302403807214
202.4266989009755,13.822358305676394,1.0595061929872291
109.30374186258278,10.160491902834224,1.0587795916072638
485.8186789397568,21.215585440396197,1.0793546518604196
398.9558426065328,40.31109889516114,0.2455136002488865
468.7968702996834,17.861158948573646,1.4694859328678362
55.812669162210995,49.53019256964988,0.0227505950125263
169.96768564783645,5.94775406937169,4.804634498525163
357.45756724300423,31.04910073794362,0.3707886592239413
229.5504828056405,47.600783119013435,0.1013094634145574
161.87311486599174,48.9650593044523,0.0675152925887327
86.33895041563429,21.874883387031343,0.1804327098993176
467.7972659276845,34.96840045122659,0.3825658019542362
381.5638187805829,15.9371498929192,1.502262657985185
366.8246665166748,27.987122811163275,0.4683192658850906
443.6310759439889,23.743135418836573,0.7869476112738312
424.79097714458413,27.760356276216665,0.551220311715879
70.35715132070443,29.298162413271942,0.0819648187250485
178.3220864384361,18.714687209339917,0.5091432508559006
352.5794016343594,26.461968877319674,0.503515249025064
298.9271741831587,39.55739286541976,0.1910337388302462
235.21612245696613,27.674596832114577,0.3071174413139005
120.08492028647294,14.05816413500981,0.6076188731557148
404.4028994469229,23.63139250052252,0.72416183631571
445.2536416291589,20.834310860944218,1.0257681272552317
58.33428369145182,30.468935312757523,0.0628361129692938
94.0700108499781,49.15200780161588,0.0389375541721762
115.750609545578,40.07879951910353,0.0720599368932993
344.86628494465776,45.491345055691774,0.1666453434719347
410.5732834747157,40.41830537424707,0.2513243015140875
154.6682659017631,15.643855040127974,0.6319950115486933
262.2822558029265,27.424067729815864,0.3487427313124306
194.53317754508885,37.29110555426468,0.1398888702802128
466.53007943564825,12.857173126787634,2.8222057103695044
463.44212502084144,32.874753647419624,0.4288155175293208
330.0902029764133,38.34302047639571,0.224522563285555
96.80115423392957,30.505512070802073,0.1040216879376574
388.6065116582512,42.46084445703615,0.215542452122476
415.72037452076887,11.66399748901901,3.055670172510539
376.13892392645806,42.09707821721772,0.2122483726728533
161.49808506994756,34.58871189809457,0.1349890681096702
311.5171235905548,6.998252029786617,6.360668567038006
489.6901467210864,33.87536525602379,0.4267302127215139
205.65781329625923,33.429227040683806,0.1840316602226204
271.4833288688411,30.195996294398597,0.2977449738197304
242.21194643935945,42.40717980170333,0.1346842389288818
161.7382669892637,29.82522401642944,0.1818215504105024
114.37777203090344,7.14699950358805,2.2392064105202456
102.53368496363628,32.358263164820066,0.0979255817628491
155.58340755045032,27.470150475869335,0.2061774681780912
458.9093713144869,20.78416104975425,1.0623360724683404
243.89266398843665,36.7092857213474,0.1809867864981424
196.93464239107715,29.345282848068397,0.2286891282668054
287.51399256869604,8.040070518614584,4.447738748433128
300.588352974513,1.1621334757188757,222.56666896449283
97.42755324832832,3.291605049077738,8.992208254426398
429.6767720630498,20.17068900900504,1.056088734043215
482.2691411421101,19.364662637774828,1.2860847930835149
448.02970894404353,37.35326199965668,0.3211069792410608
238.29587461400095,23.38234946457349,0.4358531908868723
402.27149390187776,6.075661652538308,10.897630976901755
70.75095058134643,26.03901766178386,0.1043477494887095
296.81803512437557,29.60647948283925,0.3386232309003328
353.80152848211713,30.87954619382919,0.3710375692775539
113.96626400927843,49.97638547066157,0.0456295962832519
117.74906480925196,41.666113402298336,0.0678252625326201
77.02957145927986,28.77241156547434,0.0930475524814194
358.38232926835434,4.368248459356165,18.78157128536073
175.4521325702135,15.505569421511082,0.7297653046653876
195.33432109327325,46.17489688157464,0.0916150217301633
473.2671794221264,12.728216660172617,2.9212671100160716
215.84929427771743,6.64858739597455,4.883057846914898
343.5583989427998,5.36734500636566,11.925635903785798
163.103141612719,25.319017445469296,0.2544301829756351
283.68010860143755,16.41686508786426,1.0525637915241983
219.33062659721696,38.44882376056422,0.1483655814137767
235.28181624343551,37.81094342002227,0.164571010907912
475.6437811572352,36.193078134796394,0.363103790099205
402.86422150954496,45.63148233122797,0.1934770893603463
154.67866260939726,1.49887013918249,68.84975406001094
344.62417192858476,21.498234549068137,0.7456587903445585
120.92902778917914,6.160519126725321,3.186368065425788
81.63187693683594,44.8168330929294,0.0406422228685869
444.5198082340995,26.041730801195055,0.6554678998977265
329.0620131107419,2.020368862332686,80.61510371690578
420.3710377003461,35.14165831687115,0.3403990060152801
436.16804574715434,15.13075021088475,1.9051664371002257
445.82112676351494,11.277317839296748,3.5054921885532577
284.2325860912306,14.183573667754452,1.412871058738329
290.2298702274659,12.257577920397647,1.93166932052396
313.82279789991304,36.49169975897542,0.2356656600742282
339.14290732998904,9.622784899370798,3.662529933839588
59.66645778833277,35.831637686032614,0.046472596700773
141.0651815173089,12.876774161667974,0.8507572802251578
460.4570498289073,32.73216364753316,0.4297735651118921
393.3807847724078,19.307837818971024,1.055226910244557
426.28790523909174,8.890843193572719,5.392834710522736
170.40540990208285,42.21090899619726,0.0956387671344711
78.62154732495146,16.088821668435923,0.3037337911502694
254.57498196002388,40.11242754859137,0.1582187067348371
442.7684985248597,6.424954792843193,10.725969612791062
74.29090051115341,32.412314164689995,0.0707156508893774
497.01249343105735,31.440308077774947,0.502798206458352
388.09039970162206,7.838954330743526,6.315629302362646
359.9372910379999,22.585616766008624,0.7056070872407266
383.34408181704583,39.1594193116352,0.2499863391367101
190.74853457753684,35.36677687984329,0.1525001409328568
236.28354900887692,5.408499168251613,8.077555503573567
255.68583921029543,12.767147135712197,1.568624337897081
256.88132867194486,47.5647924250337,0.1135432516175033
317.7772500390802,31.088214596888218,0.3287995694589595
305.855321619637,45.507981641677475,0.1476865321298612
328.8251641873263,45.57854591624765,0.1582865866592599
107.1709631926204,5.871653807132949,3.1085385003527173
227.88858056350628,35.87202774912593,0.1770967982499205
353.7583386743476,48.006013246057705,0.1535024828544461
78.36630922888898,23.77792602720495,0.1386058148200955
144.30870665569643,10.5969699038035,1.2850769462463991
216.28457171848433,36.2759992443937,0.1643564577034135
362.8095677154712,12.63284568907794,2.2734025820458426
398.9582399812066,24.40363012689246,0.6699132556623046
115.01330079673424,46.66399231139405,0.0528182835637262
401.4518627662928,2.528857413864237,62.774721050946624
92.03510086159818,5.051994295127842,3.6060171649377057
465.8301039645572,6.473604531462639,11.115659144615057
473.265906400648,37.52434820565356,0.3361080427115129
58.07815123179864,6.22997315719861,1.4963749606507897
455.69253319737055,1.982184724348429,115.9801490627488
129.67825944805435,14.112336846640767,0.6511323977068826
348.944304646203,18.173901931122565,1.0564762877071516
455.1873418777313,30.732647101859556,0.4819369649745892
453.6100702243619,49.78209517553385,0.1830359281593063
494.8079611598539,45.95394690790045,0.2343101177288337
170.69983779486677,32.74919809974321,0.1591592074541403
146.0169886481627,25.88268127644247,0.2179640449168367
405.4830245563611,42.37761195793761,0.2257874077335283
224.4435494581296,4.824976392776719,9.640881451383407
52.872986877804955,48.76296100927818,0.0222358485148868
203.03451646566108,27.504439666345927,0.2683887280308861
126.88464413288068,7.231951831573,2.426040330242957
384.62583021735173,2.9996795170645982,42.74533563676059
73.3566913416619,3.3053084582065972,6.7145319529046645
127.1649562580665,34.44540129531818,0.1071778272852439
350.61168619914037,32.625361225731815,0.3293940345873315
378.4553202870817,40.34889316277327,0.232461675266596
92.09575282769144,35.07781322486601,0.0748470313590489
461.4523119184734,3.8376196607203017,31.33307118304546
156.5888373832433,35.283306514937614,0.1257830856921634
238.2130061393168,32.70426984736082,0.2227186341794727
379.85373352944225,43.81148599205594,0.1978975564844813
73.5224822204442,47.496269520247395,0.0325912607049373
97.56935873748824,37.65020448560972,0.0688301588891192
348.3232779378058,49.72976705478374,0.1408476641314676
97.2307426669494,43.6098271216255,0.0511251826878017
224.3285381989378,11.540539204168653,1.6843499384017118
178.0094957617267,5.468704489540114,5.952155348997528
334.40190455984276,6.606097505163703,7.662646366518757
452.87106933558897,31.362816694142506,0.4604096928802102
261.5586935120118,23.0133487029716,0.4938664491309916
468.40370994902605,6.457899599286605,11.23149966922297
326.2964173693045,36.448374602729,0.2456156149589386
151.19299077476524,36.338096504915256,0.1145004807270363
74.96168692958327,24.13101336631622,0.1287325081532816
94.01449179058729,47.67487462742413,0.0413633479651308
296.09417460225666,31.92611787548992,0.2904943149380053
80.28581139354627,6.396731327508391,1.9621065190455391
387.0773892888381,31.74995423125104,0.3839826451859579
467.4879405100536,41.79486470854823,0.267623696274879
455.3638252841593,45.25618005589992,0.2223323915067723
81.41486010664472,9.632748782405278,0.8774112781946402
383.988908486743,43.778053740135846,0.2003575811110221
125.02935838304556,4.800741725676843,5.4249447360562035
485.5947110399873,3.952041025628172,31.090740025305237
495.2645868223306,40.57955586914477,0.3007618146542337
412.8101878824109,30.082331978443797,0.4561707215814197
260.6669436988992,1.947708665469595,68.71285076648094
379.8463392292727,35.6840380701492,0.298304604628078
187.79050689066037,1.9906943456727304,47.38757321428123
90.25917885733988,36.91282211603136,0.0662425250322597
361.69843936282433,33.5033701010028,0.3222327258589967
184.81201483329588,41.10510214716503,0.1093802063157064
468.601229815531,18.65776929382881,1.346120650576348
296.65542218735254,13.772519599751943,1.5639594640450531
187.14783385411425,45.16909266034045,0.091728031024567
324.7904712478047,48.81654305963874,0.1362916458528899
279.61504946280934,31.21034607325697,0.287053848429479
126.83561536219256,26.814805340910723,0.1763972958226448
407.35740442476424,33.635591435609825,0.360062156005853
104.34173384905426,12.976755001701584,0.6196205864848366
359.2554492211528,20.801255088779776,0.8302794416090727
139.01866048633107,28.243810819214,0.1742715571869155
184.98415172741025,38.50003894389182,0.1247993101663462
449.4597842999321,46.9989236430081,0.2034768543935162
349.5218013569208,10.777115561711852,3.0093256747143924
249.4225551491677,43.09551081768885,0.134298653462733
413.6119336178431,2.4125555588176657,71.06216154812014
237.08556311693297,2.2948148384926954,45.02044779760037
263.53503921258647,8.762834938727782,3.432014421918488
53.20692571962013,17.461665224414983,0.1745005704119117
92.35171087444265,38.13377607956173,0.0635075445124875
360.7322028796122,37.82994398699378,0.2520655633673831
378.8243968891557,23.972837644572817,0.6591724566503888
173.08816610370832,31.621918281718823,0.1730975625636958
239.05934620173824,48.52170807428734,0.1015391599738461
284.29543889239994,9.168106576657843,3.382288007298175
289.09365915825987,18.078005136467617,0.88458089486459
457.923260923089,39.88377698512359,0.2878724781167975
356.8941762931388,47.41145283088247,0.1587716412045124
236.4727964049809,41.007670415736584,0.1406212617497263
415.5798915656243,18.390358599466364,1.2287799882788475
359.4619404657946,40.73633844718296,0.2166152029749731
343.26926721829614,19.910739516393495,0.8658848508987578
168.6041134505902,42.0787486042048,0.0952231479479329
199.43762651759212,49.18994702332047,0.0824241329580787
429.73215400973777,34.63160294669361,0.3583048303928063
238.86201568324617,44.04465218241646,0.1231291051957069
455.4166582059969,12.053496509672884,3.1346049801261113
171.18621656164368,21.05731680402075,0.3860670449512906
352.0593733761119,46.79410833206816,0.1607805682785262
483.1317038919252,3.087802620268679,50.67181666526809
330.48704364392415,18.126506783920775,1.0058337462596558
325.77461787895993,49.19811551664004,0.1345923290048157
128.18986716834277,25.58213718199883,0.1958754695540753
408.9696859687021,1.3594548292224882,221.2898805743249
287.7562389858274,15.241790187224485,1.2386619320253365
495.8301074197681,31.098889415275025,0.5126761733457802
414.4033365184665,22.27949412096852,0.8348579601537975
68.88138298192142,12.636351779486954,0.4313784473819562
412.1025130813747,8.573852714085957,5.606001705151382
481.92411972760914,25.823395878672866,0.7226898521774388
374.2512432623522,18.954016535514416,1.0417433610360296
420.2927237137825,28.626829368974192,0.5128677285704206
413.48223038285994,21.413636023646493,0.9017289589163898
117.75305912036362,8.948597091964132,1.4704907246149204
494.2767099227809,23.3374399647578,0.9075357035532752
294.390329340603,46.775963951912615,0.1345482480329023
184.5344223044815,37.788630460395446,0.1292275422571954
411.8808540048769,45.79214301602742,0.1964217914370256
364.91489341825707,5.0007088805877835,14.592457719412922
303.78527781932166,9.86995504786616,3.1184326843723764
369.5785971262202,42.21153136258857,0.2074171185825573
263.34770355456567,30.94555592637778,0.2750001669402967
147.15440999352438,31.864234702907197,0.1449326713900167
98.53870246001703,28.079167722432334,0.1249793832821093
105.99330416994516,6.861344910391629,2.2514376702236105
429.9554556652017,22.298303121350266,0.8647286221694478
287.5188763583134,26.487769631065294,0.4098034226454406
260.15085334529,15.621768867264638,1.0660187390656743
302.3265830010532,31.741511188231605,0.3000690040927284
475.55607031605894,29.261198572416824,0.5554148752674481
143.22421019049028,8.57107766428059,1.9496002654590685
93.40446180689196,25.20036688109061,0.1470800928405917
95.56765389384702,25.249806001243947,0.1498976530553413
236.71739041930255,42.03426410293996,0.1339748462491092
75.4933135566867,31.036640875975763,0.0783716636225706
452.7251656787692,12.283166416344926,3.0006404857657687
347.9644510624507,27.677922306775603,0.4542217286420669
304.5114363671023,37.33072547039841,0.2185097137023937
290.16754067810166,40.07121581762094,0.1807106672098
273.94713146732937,37.06256403543734,0.1994324548563481
421.3303874326289,22.65847580605598,0.8206564704881707
379.49015049271514,33.85263311403059,0.331143015641776
396.6638977506747,3.542516761877294,31.608133240532528
64.83453032809005,42.374802461245274,0.0361069658959078
391.51286630411875,39.95742230810412,0.2452173029383
166.18016439071042,42.602619340491685,0.091560168000372
165.3454829281282,43.550938281381065,0.0871760732399624
240.7053005215331,16.530624261027263,0.8808605187495737
160.90150218697232,28.994025525880268,0.1914004986444062
491.9232041490907,11.107417295107371,3.987228568910264
125.54605362424932,4.603354231256396,5.924535074169076
389.33854490997993,6.461115418049718,9.326364893403282
268.2831431213031,8.950033476885412,3.3492230097901636
288.42860324579397,22.282667944228436,0.580903442117308
283.1664400204045,7.81575705576029,4.635533011089617
474.6728076234881,21.3377799829063,1.0425475876640653
261.118990722616,3.441355712684549,22.048514147875053
62.94214886520142,9.641143620983238,0.6771493421389003
460.7274823928876,42.49543312220172,0.2551288659775182
333.0453637464378,23.748103210779668,0.5905348562063715
214.18237299849528,9.118953368782698,2.5756908560906697
438.57453135352375,28.50978483379702,0.5395796084648692
147.35778268821866,20.600357602220416,0.3472350522112277
213.69241906019732,13.967411694070256,1.0953609315785466
246.09611420828531,37.34472661766877,0.1764599644115542
280.45513172898677,19.443999975892908,0.7418091182783444
133.8095975661662,45.96084168877,0.0633448508289934
243.3291897883927,39.10063783090441,0.1591572865277877
215.8647940261405,43.77491812745832,0.11264998360735
166.9740909493804,25.50189273439248,0.2567463382479805
73.43899540579122,31.910114066659755,0.072122374078712
266.2216839469687,23.77466295841038,0.4709932557538931
159.15613441424696,21.391129690637054,0.3478211133471146
416.20056629800587,12.314298274981068,2.744626986402806
294.2360803575606,28.91798815611068,0.3518517986683538
329.88231423395285,6.296020070140059,8.321983014981596
441.5072097615909,38.83692056052754,0.2927171894014088
331.70899329228234,24.54366878861813,0.5506533466911155
294.7803420649814,46.61199633757518,0.1356760249703498
437.6366339257077,15.0318586844451,1.9368157159245232
440.94866402959303,39.63034755115894,0.2807580834168671
246.1381480475314,29.82151129432349,0.2767703933249318
234.35714754863753,16.83313938705659,0.8270808476270101
164.30411398507567,14.507508864583686,0.7806614763898087
96.0292617487654,24.40919992016739,0.1611745629590667
201.57555362491297,2.3690968664260357,35.914698477959874
394.4319613399671,34.32015971942796,0.3348678845062131
357.0473069697611,13.827138165232736,1.8675023491988865
56.81919018026829,40.25851809835425,0.0350573811490673
187.36628575616805,48.93854645281655,0.0782328795193953
115.23574562917356,14.926740953303518,0.5171984616470691
88.15938960985811,43.17307747027341,0.0472979763914451
298.4326326469127,42.59552072166574,0.1644820259234246
117.74788532810352,24.880089912058324,0.1902169550358432
198.06075957869191,45.747493583126214,0.0946376244888421
221.49558812246184,4.767830211428562,9.743691333644591
361.8485756468083,16.119715883515216,1.3925541811606204
210.00826657170768,21.501555314389275,0.4542517810419054
269.267545324563,7.838117733904166,4.3828887390377504
153.83468344958172,37.710788530619574,0.1081740363512225
58.12311874765057,33.573138253054985,0.0515661884842434
170.07545703766164,32.02003838779609,0.1658814986045719
159.22987904184168,3.267931753008012,14.910033140683096
441.64377376195074,12.152843027244543,2.9903108420914646
117.3870016913736,32.3939315873523,0.1118646037582224
476.3423184026734,16.024918325658092,1.8549299635512912
198.7440118521679,11.481782353686254,1.5075628673104944
479.22466665309867,34.53135525511379,0.4018943650544258
433.1508569017678,43.629222895040826,0.2275538683164482
195.52229207652812,27.790746135251208,0.2531604539335014
387.5838755266747,12.74721388621353,2.385256868810273
115.65471806578358,24.86827334305216,0.187013125959765
222.67993624422152,1.8346378885587065,66.15769595809846
337.81528961645455,47.00447701122689,0.1528976646641337
489.8855098811125,3.878020744015628,32.57424347298644
344.7472250720786,39.04120616519101,0.2261800657489863
198.96317943462464,33.20062082374919,0.1805012870293238
322.82518060071953,29.2145183803593,0.3782421648038511
283.1464195579739,20.649561825076137,0.6640325878179109
455.57340429453075,16.408554450253597,1.6920676310107503
299.0822835169292,27.24299395113026,0.4029777056861897
489.06558660947024,14.53928586683312,2.3135609925536262
471.0305900740354,44.378902140610286,0.2391641076012103
315.1689767006825,16.800870063250322,1.1165544726551206
126.36801330693945,19.191445836312724,0.3431008298673985
481.1922551008067,23.82761045109659,0.8475350077265897
102.70514876615783,15.22690848371188,0.4429643147932486
311.40695779648473,1.2925183396716258,186.40385242365724
143.55732634167748,17.475710077951778,0.4700626006270743
109.2310821924528,21.504617954642825,0.2362015665249144
62.40189715646163,34.12180345995414,0.0535961802644687
465.28872524296946,39.936971664071976,0.2917240731116303
385.3702107752507,15.849392600837891,1.5340972586727617
443.9899112969966,44.054971309903834,0.2287616689556108
88.85683725915716,12.075230625615765,0.6093965382099068
135.63631464755417,43.71082279468035,0.070990137609309
100.85898641816524,26.184291116017288,0.1471068709262437
344.8947672274466,21.243294379236577,0.7642630628944592
194.22914042585217,2.547382812618651,29.93132617314961
331.2647275458016,6.058766977360375,9.024158115218444
177.94801285481952,9.47204749736657,1.9833776194155075
475.3821053794027,27.31374745072429,0.6372065783876739
61.95334596416828,36.09924243192252,0.0475410304255054
394.91363095083426,36.35971245110222,0.2987178977879642
234.34828945609397,15.089638847525642,1.0292102357486597
287.08756949240717,15.93689908785236,1.1303338748702052
105.97700646883052,10.111735598058251,1.03647835618324
469.1687863764368,45.18495901069741,0.2297953972705616
204.29359410408708,26.75117587566428,0.2854756008391088
61.86847364971776,24.374397570539625,0.1041361747120506
411.22011787808697,13.416092220759468,2.284663710513287
145.42243189969935,44.27346843795584,0.0741898187585054
192.59817087485925,39.932357434002995,0.1207820116564509
142.1896371526251,36.36708768120443,0.1075105042191448
463.71730614687056,48.52175975054473,0.1969609897562127
192.75111631450295,33.74928205273513,0.1692262866847765
266.78262785595786,12.654872818213114,1.6658733340837233
124.14098727317506,19.302114239997877,0.3332003366970139
214.37265150529112,33.65031331454219,0.1893176718834723
374.8661394875685,5.111270978773838,14.348893147309996
373.668556996461,15.54375707887064,1.5465877078178518
355.7203810534206,34.40128446087706,0.3005795515054735
305.88650917166854,33.42169915855479,0.2738440265664584
489.3438886962757,47.95769414814867,0.2127637232414034
175.37947844917832,1.7516117555267003,57.16142827427559
55.52553454471227,40.622511816263405,0.0336479957773993
440.7132584978102,47.26689785657217,0.1972613111397309
296.0248269737656,29.60773760140069,0.3376896030741194
388.5132949930954,4.140769825247656,22.65915474364903
369.7501718806913,34.68461601386633,0.3073509804054233
293.37135252551445,3.2714345230054325,27.41203251172527
264.3026287060545,5.0238680738058274,10.471888993388797
311.9595954141722,29.253780624222077,0.3645309000504212
73.3060127547544,22.699852031620207,0.1422635184933641
304.50533320564125,24.895461025876696,0.4913088159482315
478.48310354583487,8.794645024824304,6.186285750335179
253.31586557563605,48.776637796347785,0.1064727986134214
184.6757736654411,46.70504338171223,0.0846607998961241
131.5245107017493,1.8651799407118976,37.80639108376699
356.64570045224065,8.029563360455946,5.531630135011776
431.7374069809632,15.55943845841936,1.7833305127412025
249.4670383960691,48.84971804068026,0.1045415773597558
277.1799719832829,44.3956800138392,0.1406307916401536
91.23037145822045,26.58042723395705,0.1291265443729548
282.1243088588533,43.39067366927612,0.149846886056981
474.3616582552313,42.16893293058315,0.2667622400446473
53.35204313206065,31.6929068032841,0.0531161891057286
264.85023268992006,40.183383680513955,0.1640239818218229
50.89591109052589,19.156403508747147,0.1386931271079084
227.53586896696152,13.373905651765984,1.2721354609942546
389.0880886564785,37.660711739139,0.2743284748492988
362.8491144181809,32.83342899058743,0.336584091471599
157.2380148540493,1.2629202149183154,98.58383815693358
186.17323186393463,39.09599407452512,0.1218015226647218
303.17491138713865,2.3028771667581274,57.16783058422215
479.3652798297536,18.699187416446556,1.3709483911545612
410.47965855660306,6.914746874328459,8.58497563736615
386.4107312432817,30.47855056058347,0.4159686103402252
425.7959577045066,32.08674306243963,0.41357117413571
213.91210991100132,29.017310076130904,0.2540510944683022
484.3681222317606,12.723386123579944,2.992058901964246
408.03188790577184,3.0551315087689703,43.71538285041037
143.20335503649744,39.36099222498849,0.0924317376369566
142.4014191663736,25.359073168449488,0.2214356615248211
391.55115751583065,28.224295062652875,0.4915212571728511
103.54102989162496,44.972914295669305,0.0511929808145365
284.4235168909008,31.218369605397083,0.2918401675662594
124.2606263786377,42.40058018334164,0.0691178053748175
484.4516022300507,21.147510271688095,1.083258005984415
485.24615290308503,12.499139562328722,3.1060029673763347
53.20208014823744,16.013734564974992,0.2074642937274252
372.4656182074298,47.08329098607094,0.1680167452483158
131.51786502638282,44.73464564599119,0.0657198777833809
228.43140437201728,9.067624169367804,2.778233776595649
192.7424384096743,9.916017375008186,1.9602108595354069
232.74517108462317,27.931857949601735,0.2983190791026604
301.0994650864244,20.867641330843473,0.6914539419955932
331.1513451658315,28.304227408446717,0.4133556838260595
81.65585738419868,30.06561833423779,0.0903331309512484
356.0333123023609,25.034093029380124,0.5681027755933712
129.71658314529247,11.139130540241323,1.045425076899314
247.07522714868145,40.33686153251142,0.1518535659160309
266.40677563261136,38.24487998930743,0.1821372022769681
308.10937325723756,11.516435793311311,2.3231044100903997
200.00966393710831,29.539762726647968,0.2292118017229783
450.45931069723343,27.218110352210257,0.6080504677004824
164.91311269224963,40.07138062317304,0.1027038152560211
374.6102734382345,31.79090136213493,0.3706585310844422
248.76991833618885,12.354141511953012,1.6299441372974062
293.5713418119433,2.4100117253774265,50.54466782707144
92.5309727696789,44.8457094102178,0.0460092687610883
219.97392627818823,45.479316301488154,0.1063514344697664
171.37341038489853,25.457683941679143,0.2644269152360872
433.56900492396,12.682610158055576,2.6955099627138326
344.3248460074137,9.012553788119714,4.239089857912375
189.71072118739824,25.81228481278435,0.2847337697883071
135.32016257688292,29.62978572524381,0.1541364986288318
129.16804631086967,8.052225291110917,1.9921555976231151
289.7675632043183,42.59363064032432,0.159720421497636
237.8960134508742,42.119250761912355,0.1340991083396192
277.3500034837848,10.105699267523292,2.715785314501753
369.1343535859337,38.98894570460792,0.2428295200748735
452.808430886207,25.43390811528816,0.6999843147602578
300.1732397599326,30.19247969565685,0.3292868645216664
186.86187863687945,1.89754928133477,51.896083437430775
384.6923770102617,32.85573441018201,0.3563618641003692
137.80910907083174,32.44376295791812,0.1309228605450585
404.88315189676746,24.396046946254696,0.6802848265709909
187.44357358851892,18.50370619106277,0.5474609007008718
358.9509206166147,41.70453559749487,0.2063804203202499
372.837937760903,35.39641924279463,0.2975784220018039
172.80305057482707,37.54699666120912,0.1225747445794843
110.5576408191813,31.10178944393044,0.1142925727606573
455.8880040794947,13.130456429799482,2.6442256806556115
254.44407821492936,1.6854234184285284,89.57241834359435
127.3536735750084,11.55921008573156,0.9531366358542038
457.5467976789428,30.81343964062135,0.4818980392882731
369.581522367208,43.78941532292461,0.1927400454313922
152.17938550660696,22.717550445971423,0.2948715168779328
54.54800167118022,31.951375719219776,0.0534317896594201
224.43337760127488,26.866326786547265,0.3109358941600201
318.2504831734059,14.345626032085482,1.54642926978052
101.61245594358952,22.748234179488502,0.1963593417024761
317.02376000721534,23.197207024572275,0.589142584703597
295.9194754632988,24.455102708703823,0.4948055544811617
409.33125839629065,8.659074443833756,5.459237191867249
462.0468702813189,29.164474860269756,0.5432224514910294
110.38520484270865,3.780066572836808,7.7252398286389585
57.08726532508657,2.8267316008520846,7.144471222295226
398.5698553087876,28.08315238549986,0.5053738148590893
326.32649533367686,29.073890883289778,0.3860521935342582
331.378492227685,22.036233233379217,0.682416622409712
174.64468285196304,28.915247162125176,0.208882256306584
370.5512391930882,38.96932004609828,0.2440071844801909
288.8795011799806,4.986704477933549,11.616878894021973
146.32744447387682,32.86104790675127,0.135507387011061
311.9624843532756,19.88653506960921,0.7888312905222744
385.746834179108,48.23285427327296,0.1658121859188035
161.32369453806285,38.36002405831777,0.1096327776851743
187.6904103795388,21.460540820311852,0.4075311024155989
192.1862255954621,45.3992091167739,0.0932450278811167
150.1860015926577,17.276253963240972,0.5031880237065274
498.5898442231099,8.940591657699837,6.237505023222369
218.45893746086173,48.270597428727875,0.0937571654878186
305.0276613050337,23.662219176609444,0.5447889364491654
208.2177973671559,37.58510437027995,0.1473962134528697
265.14958376489176,32.980693999972914,0.2437650113050306
168.59030517503842,25.857277929828484,0.2521546548433315
475.4142110594558,15.739524695584128,1.9190616770679512
152.01763126549335,25.631382981757444,0.2313928213167156
312.1797518151953,43.13242183080881,0.1678019653751391
303.2506675322741,27.6918855058824,0.3954546721096107
252.4763823315416,48.97996294788004,0.105240730550371
494.66935847430074,37.89021615359135,0.344556814688268
408.3057916887582,22.92277614590615,0.7770538449452912
154.0286005598913,31.152163632414812,0.158717545554724
392.00286951284744,18.687672257132192,1.1224805602109809
434.4416122523258,21.030323231790533,0.9822895440146828
116.15621430006874,25.7119803819894,0.1756998509948148
107.89710316538084,35.95504239677264,0.0834622665447535
486.45983780034254,3.962147174213176,30.987446064928193
107.617748956414,29.826035539755203,0.1209742230689513
418.107448627095,44.26240196724928,0.2134115641338073
242.34542637774095,43.79983099595629,0.1263251895224852
315.57476992080916,49.35903311042291,0.1295295887737473
393.0041104003107,27.39155865462962,0.5237977175449151
472.3375478088996,4.080424648611395,28.36885097444208
133.94212397738306,35.231836592808136,0.1079062538235182
207.5454609377619,45.64463816304981,0.0996170559031754
163.77246998235057,17.921483993808362,0.5099093336741922
235.85319128794887,35.861758969915456,0.183391238053928
206.31545667856048,26.38842294919043,0.2962817444352751
345.1821529485579,46.17107084815406,0.1619229616181914
175.18661806332375,6.228990113680994,4.515082036242129
69.54936947997084,18.971616446348545,0.1932344366905933
415.38421864440915,38.04245610320924,0.2870204866048848
395.3554587067809,28.506524560473437,0.4865183156170691
261.4687420939325,39.92565944595337,0.1640270904863132
231.8611304112079,49.83021657671236,0.0933775337624369
171.82531509415625,18.9041660166712,0.4808084634522523
147.5681468544883,26.38038112299457,0.212046199145003
227.06405500096017,16.594981551173404,0.8245079386182754
135.01762560493262,30.77426827067466,0.1425656818600674
191.5340472618381,19.050853589170497,0.5277364690658871
134.92662385532776,2.3892414266001545,23.636195908339612
334.5245635564112,28.109087168861784,0.4233840843110674
237.59951873549545,7.852370761688407,3.8533988377487183
258.8140496953554,44.87511627495146,0.1285217630438124
57.35084807045256,5.016620872476255,2.278858097196042
253.82719951893455,31.270902949032784,0.2595716840941995
407.3996564425704,24.66110883782836,0.6698776045734607
486.0699673033512,15.286430298985216,2.080111559364333
382.9562332338063,45.43117489050191,0.1855415611179709
436.90898764022427,36.58148204866737,0.3264888739094448
367.5829719380281,25.64126529571224,0.5590832492890709
64.34477411909567,15.801182207095048,0.2577116897593736
55.463037982214345,7.220537411967896,1.0638113246459997
366.230696865637,29.965207162074012,0.407868508108574
258.1974935828438,33.81610252776379,0.2257901119786048
421.4386266635106,10.92513018544589,3.5308648660251913
300.69904306913384,11.103907384995871,2.4388235748017157
182.75607396562273,12.61846140247153,1.147780950453115
449.5880668357903,31.026582985104056,0.4670322579485773
188.17064838015247,10.69489127906833,1.6451258756964509
292.3498792430287,15.856427631030677,1.1627657189311993
461.1901801418372,26.036690666805782,0.68031255325217
414.33092843338903,46.897504490237786,0.1883856794417837
410.2759987447353,31.547931497750945,0.4122250060814305
455.28446134457874,20.03287059756795,1.1344789886889752
330.85825463434554,44.124678591796005,0.1699334460428979
94.17655420914646,34.18014422781925,0.0806111309562553
129.9427927427539,44.48641675811837,0.0656594656817377
415.13581295098254,29.861705062874428,0.4655442824722823
59.297836709217016,31.694774965410353,0.0590287388493249
454.3989520218626,8.98108011776026,5.6335244020194155
321.16236354649413,34.91290339840153,0.263483068080399
182.33097782593867,14.286537286888231,0.8933188600363716
345.606784280349,13.00078421577715,2.0447638525734533
461.6105423485875,9.53808954532303,5.074028801432061
493.5813985638137,33.133273198612024,0.4496039326311488
459.7255353816499,4.733793960773717,20.51539696047676
285.4439296593365,5.642337804174089,8.966080719124621
422.507025791185,48.109174116032875,0.1825484426095796
325.31611344063225,45.25522318449109,0.1588430264253337
289.2394616490593,40.72778561956824,0.1743716786589243
343.4713690521669,35.73045874790318,0.2690378333220324
102.27415862607153,35.03702957857666,0.0833127281009813
433.62472465173266,3.423634243908639,36.99468330010351
99.47224976842864,11.307946198245483,0.7779191694758344
313.57398929878246,1.4615438423644007,146.79671464353572
143.37007985513264,43.28574261003356,0.0765189112071415
412.44067589796174,40.27277049656268,0.2542953832083218
142.79600348171738,40.10382855534775,0.0887859779686944
50.86267185152187,14.190667217473406,0.2525768478673526
66.7120974221111,19.34989592333835,0.1781752300368121
97.34710748483286,17.449526749742205,0.3197096505827403
220.75427472247836,5.9418233311209,6.252729666800937
475.0413302770529,19.862748493035426,1.2040726992067166
62.34274442988041,19.65013113875477,0.1614563055019452
263.8445071310026,31.171749629296382,0.2715349261098168
211.4383982726024,36.77812607390461,0.1563164436135019
